{
  "project_info": {
    "project_number": "60887023210",
    "project_id": "frisbeefinder-cd241",
    "storage_bucket": "frisbeefinder-cd241.appspot.com"
  },
  "client": [
    {
      "client_info": {
        "mobilesdk_app_id": "1:60887023210:android:8a7a4c53b22fcad07b1413",
        "android_client_info": {
          "package_name": "com.example.frisbeefinder"
        }
      },
      "oauth_client": [
        {
          "client_id": "60887023210-dukqfk2p4nbv57v4468b54qc5uk6vego.apps.googleusercontent.com",
          "client_type": 3
        }
      ],
      "api_key": [
        {
          "current_key": "AIzaSyCJHctDdrdG0yMjS4az-xnPlElgopY0XBo"
        }
      ],
      "services": {
        "appinvite_service": {
          "other_platform_oauth_client": [
            {
              "client_id": "60887023210-dukqfk2p4nbv57v4468b54qc5uk6vego.apps.googleusercontent.com",
              "client_type": 3
            }
          ]
        }
      }
    }
  ],
  "configuration_version": "1"
}